keyword,article_type,priority
格安SIM 20GB おすすめ,comparison,1
楽天モバイル 乗り換え 手順,howto,2
MNP 予約番号 取得方法,howto,3
格安SIM 速度 遅い 対処,troubleshoot,4
LINEMO 評判 デメリット,comparison,5
格安SIM 通話かけ放題 安い,comparison,6
家族 2 回線 安い,comparison,7
NURO 光 料金 キャンペーン,comparison,8
光回線 乗り換え おすすめ,comparison,9
スマホ セット割 比較,comparison,10
ホームルーター おすすめ 一人暮らし,comparison,11
WiMAX 料金 比較 2026,comparison,12
格安SIM 学生 おすすめ,comparison,13
データ無制限 格安SIM,comparison,14
テザリング 格安SIM おすすめ,comparison,15
光回線 マンション おすすめ,comparison,16
工事 不要 光回線,comparison,17
格安SIM 法人 おすすめ,comparison,18
光回線 プロバイダ 違い,comparison,19
格安SIM おすすめ 比較 2026,comparison,20
格安SIM キャリア 比較,comparison,21
楽天モバイル UQモバイル 比較,comparison,22
ahamo povo 比較,comparison,23
LINEMO ahamo 比較,comparison,24
IIJmio 評判 料金,comparison,25
mineo 評判 デメリット,comparison,26
日本通信SIM 評判,comparison,27
NURO 光 auひかり 比較,comparison,28
ソフトバンク光 ビッグローブ光 比較,comparison,29
ドコモ光 光コラボ 比較,comparison,30
光回線 1Gbps 安い,comparison,31
光回線 戸建て おすすめ,comparison,32
モバレコAir WiMAX 比較,comparison,33
ホームルーター 光回線 比較,comparison,34
格安SIM 通話定額 比較,comparison,35
格安SIM 5G 対応 比較,comparison,36
格安SIM シニア おすすめ,comparison,37
格安SIM 子供 おすすめ,comparison,38
povo データ容量 追加 方法,howto,39
ahamo 大盛り オプション 申し込み 手順,howto,40
UQモバイル eSIM 設定 方法,howto,41
ワイモバイル eSIM 設定 方法,howto,42
LINEMO eSIM 設定 方法,howto,43
eSIM 乗り換え 即日,howto,44
iPhone そのまま 格安SIM,howto,45
au ひかり 解約 方法,howto,46
引っ越し 光回線 手続き,howto,47
mineo eSIM 設定 方法,howto,48
IIJmio eSIM 設定 方法,howto,49
povo トッピング 解約 方法,howto,50
光回線 ルーター 変更 方法,howto,51
WiMAX 乗り換え 手順,howto,52
ホームルーター 乗り換え 手順,howto,53
格安SIM かけ放題 解約 方法,howto,54
povo 速度 遅い 対処,troubleshoot,55
IIJmio 速度 遅い 対処,troubleshoot,56
ahamo 速度 遅い 対処,troubleshoot,57
NURO 光 繋がらない 対処,troubleshoot,58
au ひかり 繋がらない 対処,troubleshoot,59
ソフトバンク光 速度 遅い 対処,troubleshoot,60
ドコモ光 速度 遅い 対処,troubleshoot,61
ホームルーター 速度 遅い 対処,troubleshoot,62
povo 2.0 使い方,howto,63
楽天モバイル eSIM 設定 方法,howto,64
MNP 乗り換え 手順 初心者,howto,65
格安SIM 開通 手順,howto,66
SIM 差し替え 方法 iPhone,howto,67
Android 格安SIM 設定 方法,howto,68
MNP ワンストップ 手順,howto,69
MNP 予約番号 有効期限 確認,howto,70
格安SIM かけ放題 追加 方法,howto,71
NURO 光 申し込み 手順,howto,72
au ひかり 乗り換え 手順,howto,73
光回線 プロバイダ 変更 方法,howto,74
光回線 引っ越し 乗り換え 手順,howto,75
WiMAX 申し込み 手順,howto,76
光回線 開通 いつ,troubleshoot,77
Wi-Fi 速度 遅い 改善,troubleshoot,78
ソフトバンク光 障害 確認,troubleshoot,79
WiMAX 解約 手順,howto,80
ホームルーター 設定 方法,howto,81
楽天モバイル 家族割 加入 方法,howto,82
LINEMO 乗り換え 手順,howto,83
ahamo 乗り換え 手順,howto,84
mineo 乗り換え 手順,howto,85
IIJmio 乗り換え 手順,howto,86
テザリング 設定 方法 格安SIM,howto,87
eSIM プロファイル 削除 方法,howto,88
光回線 工事 流れ 準備,howto,89
ソフトバンク光 申し込み 手順,howto,90
ビッグローブ光 乗り換え 手順,howto,91
ドコモ光 乗り換え 手順,howto,92
MNP とは わかりやすく 手順,howto,93
格安SIM 契約 必要書類 準備,howto,94
UQモバイル 乗り換え 手順,howto,95
ワイモバイル 乗り換え 手順,howto,96
格安SIM SIMロック 解除 方法,howto,97
格安SIM APN 設定 方法,howto,98
格安SIM 機種変更 手順,howto,99
格安SIM プラン 変更 方法,howto,100
格安SIM 解約 手順,howto,101
光回線 解約 手順,howto,102
NURO 光 解約 手順,howto,103
ドコモ光 解約 手順,howto,104
ソフトバンク光 解約 手順,howto,105
光回線 ルーター 設定 方法,howto,106
WiMAX 機種変更 手順,howto,107
eSIM 再発行 手順 格安SIM,howto,108
格安SIM 名義変更 手順,howto,109
格安SIM データ容量 追加 方法,howto,110
楽天モバイル プラン 変更 手順,howto,111
povo トッピング 購入 方法,howto,112
光回線 マンション 申し込み 手順,howto,113
格安SIM 副回線 設定 方法,howto,114
楽天モバイル 圏外 代替,troubleshoot,115
ahamo 大盛り オプション 不要,troubleshoot,116
WiMAX 解約 違約金,troubleshoot,117
格安SIM 繋がらない 対処,troubleshoot,118
格安SIM 音声通話 できない 原因,troubleshoot,119
MNP 予約番号 エラー 対処,troubleshoot,120
eSIM 開通 できない 対処,troubleshoot,121
楽天モバイル 速度 遅い 対処,troubleshoot,122
LINEMO 速度 遅い 対処,troubleshoot,123
ahamo 繋がらない 対処,troubleshoot,124
光回線 遅い 原因 対処,troubleshoot,125
光回線 繋がらない 対処,troubleshoot,126
NURO 光 開通 遅い 原因,troubleshoot,127
au ひかり 工事 遅延 確認,troubleshoot,128
WiMAX 速度 遅い 改善,troubleshoot,129
ホームルーター 繋がらない 対処,troubleshoot,130
テザリング できない 格安SIM,troubleshoot,131
格安SIM 着信 できない 対処,troubleshoot,132
光回線 IPv6 対応 確認 方法,troubleshoot,133
スマホ セット割 反映 されない,troubleshoot,134
格安SIM 解約 後 使えない 対処,troubleshoot,135
povo 開通 できない 対処,troubleshoot,136
UQモバイル 繋がらない 対処,troubleshoot,137
mineo 速度 遅い 対処,troubleshoot,138
IIJmio 繋がらない 対処,troubleshoot,139
ビッグローブ光 繋がらない 対処,troubleshoot,140
ドコモ光 速度 遅い 改善,troubleshoot,141
WiMAX 開通 できない 対処,troubleshoot,142
格安SIM eSIM 設定 できない,troubleshoot,143
MNP ワンストップ エラー 対処,troubleshoot,144
ホームルーター 速度 遅い 改善,troubleshoot,145
格安SIM 圏外 表示 対処,troubleshoot,146
格安SIM データ通信 できない 対処,troubleshoot,147
格安SIM SMS 送れない 対処,troubleshoot,148
格安SIM ローミング 使えない 対処,troubleshoot,149
光回線 ルーター 繋がらない 対処,troubleshoot,150
光回線 赤ランプ 点滅 原因,troubleshoot,151
WiMAX 圏外 対処,troubleshoot,152
WiMAX 契約 エラー 対処,troubleshoot,153
楽天モバイル 申し込み エラー 対処,troubleshoot,154
LINEMO 開通 できない 対処,troubleshoot,155
UQモバイル 速度 遅い 対処,troubleshoot,156
ワイモバイル 繋がらない 対処,troubleshoot,157
povo 繋がらない 対処,troubleshoot,158
格安SIM 二重課金 対処,troubleshoot,159
MNP 番号 引き継げない 対処,troubleshoot,160
eSIM QRコード 読み取れない 対処,troubleshoot,161
光回線 工事 当日 不在 対処,troubleshoot,162
ホームルーター 圏外 対処,troubleshoot,163
テザリング 速度 遅い 改善,troubleshoot,164
格安SIM 請求 金額 合わない 対処,troubleshoot,165
格安SIM 副回線 おすすめ,comparison,166
格安SIM 乗り換え おすすめ,comparison,167
光回線 セット割 料金 比較,comparison,168
NURO 光 解約金 比較,comparison,169
WiMAX ホームルーター おすすめ,comparison,170
5G 格安SIM 速度 比較,comparison,171
5G 対応 スマホ 格安SIM 比較,comparison,172
docomo 5G ahamo UQ 比較,comparison,173
シニア スマホ 格安SIM 比較 2026,comparison,174
60代 格安SIM おすすめ 比較,comparison,175
シニア 格安SIM かけ放題 比較,comparison,176
子供 格安SIM 契約 比較,comparison,177
格安SIM 学生 20GB 比較,comparison,178
子供 格安SIM 家族 比較,comparison,179
副回線 eSIM 格安SIM 比較,comparison,180
デュアルSIM 副回線 おすすめ 比較,comparison,181
ドコモ 副回線 格安SIM 比較,comparison,182
MNP 乗り換え キャンペーン 比較 2026,comparison,183
格安SIM 乗り換え キャリア 比較,comparison,184
格安SIM 乗り換え MNP 比較,comparison,185
au セット割 光回線 格安SIM 比較,comparison,186
au スマートバリュー セット割 比較,comparison,187
ドコモ セット割 光回線 料金 比較,comparison,188
光回線 解約金 比較 2026,comparison,189
au ひかり 解約金 違約金 比較,comparison,190
ソフトバンク光 解約金 比較,comparison,191
格安SIM 解約 違約金 比較,comparison,192
WiMAX 5G ホームルーター 比較 2026,comparison,193
WiMAX テザリング 比較 2026,comparison,194
UQ WiMAX カシモWiMAX 比較,comparison,195
WiMAX 工事 不要 比較,comparison,196
ahamo UQモバイル 比較 2026,comparison,197
ahamo 大盛り オプション 比較,comparison,198
UQモバイル povo 比較,comparison,199
ahamo LINEMO UQ 比較,comparison,200
格安SIM 10GB 安い 比較,comparison,201
格安SIM 30GB おすすめ 比較,comparison,202
格安SIM 100GB 比較,comparison,203
eSIM 格安SIM おすすめ 比較 2026,comparison,204
格安SIM 契約 料金 比較,comparison,205
格安SIM iPhone そのまま 比較,comparison,206
楽天モバイル 格安SIM 比較,comparison,207
格安SIM MNP キャンペーン 比較 2026,comparison,208
光回線 10Gbps 対応 比較,comparison,209
光回線 乗り換え キャンペーン 比較,comparison,210
光回線 マンション 戸建て 比較,comparison,211
NURO 光 乗り換え 比較,comparison,212
格安SIM 家族 3回線 料金 比較,comparison,213
格安SIM 家族 2 回線 比較,comparison,214
格安SIM テザリング 無制限 比較,comparison,215
WiMAX ホームルーター 速度 比較,comparison,216
格安SIM 音声通話 比較,comparison,217
格安SIM 速度 比較 2026,comparison,218
LINEMO UQモバイル 比較,comparison,219
mineo IIJmio 比較,comparison,220
