slug,query,position,priority,status,notes
ahamo-povo-hikaku,ahamo povo 比較,,1,done,heuristic-stale-meta
docomo-hikari-hikari-collab-hikaku,ドコモ光 光コラボ 比較,,2,done,heuristic-stale-meta
family-2-lines-cheap,家族 2 回線 安い,,3,done,heuristic-stale-meta
hikari-1gbps-yasui,光回線 1Gbps 安い,,4,done,heuristic-stale-meta
hikari-kodate-osusume,光回線 戸建て おすすめ,,5,done,heuristic-stale-meta
hikari-mansion-osusume,光回線 マンション おすすめ,,6,done,heuristic-stale-meta
hikari-provider-chigai,光回線 プロバイダ 違い,,7,done,heuristic-stale-meta
hikari-switch-osusume,光回線 乗り換え おすすめ,,8,done,heuristic-stale-meta
biglobe-hikari-tsunagaranai-fix,https://sim-hikari-guide.com/articles/biglobe-hikari-tsunagaranai-fix,11.0,1,pending,GSC page 11-30位
hikkoshi-wimax-osusume,https://sim-hikari-guide.com/articles/hikkoshi-wimax-osusume,11.0,2,pending,GSC page 11-30位
hikkoshi-hikari-denki-set,https://sim-hikari-guide.com/articles/hikkoshi-hikari-denki-set,13.5,3,pending,GSC page 11-30位
povo-speed-slow-fix,https://sim-hikari-guide.com/articles/povo-speed-slow-fix,15.6,4,pending,GSC page 11-30位
esim-profile-sakujo-dekinai-fix,https://sim-hikari-guide.com/articles/esim-profile-sakujo-dekinai-fix,18.0,5,pending,GSC page 11-30位
linemo-speed-slow-fix,https://sim-hikari-guide.com/articles/linemo-speed-slow-fix,23.5,6,pending,GSC page 11-30位
povo-esim-settei-tejun,https://sim-hikari-guide.com/articles/povo-esim-settei-tejun,26.7,7,pending,GSC page 11-30位
sim-tsunagaranai-fix,https://sim-hikari-guide.com/articles/sim-tsunagaranai-fix,28.0,8,pending,GSC page 11-30位
smartphone-denki-matomete,https://sim-hikari-guide.com/articles/smartphone-denki-matomete,11.7,1,pending,GSC page 11-30位
docomo-5g-ahamo-uq-hikaku,https://sim-hikari-guide.com/articles/docomo-5g-ahamo-uq-hikaku,20.0,2,pending,GSC page 11-30位
rakuten-mobile-kaiyaku-tejun,https://sim-hikari-guide.com/articles/rakuten-mobile-kaiyaku-tejun,20.0,3,pending,GSC page 11-30位
au-hikari-tsunagaranai-fix,https://sim-hikari-guide.com/articles/au-hikari-tsunagaranai-fix,22.7,4,pending,GSC page 11-30位
hikari-denki-setwari,https://sim-hikari-guide.com/articles/hikari-denki-setwari,25.6,5,pending,GSC page 11-30位
biglobe-hikari-kaiyaku-tejun,ビッグローブ光 解約,21.0,1,pending,GSC 11-30位
sim-tuuwa-teigaku-hikaku,定額 比較,28.5,2,pending,GSC 11-30位
uq-mobile-kishu-henkou-tejun,https://sim-hikari-guide.com/articles/uq-mobile-kishu-henkou-tejun,12.0,1,pending,GSC page 11-30位
esim-saihakko-tejun,https://sim-hikari-guide.com/articles/esim-saihakko-tejun,16.0,2,pending,GSC page 11-30位
nihon-tsushin-sim-hyoban,https://sim-hikari-guide.com/articles/nihon-tsushin-sim-hyoban,30.0,3,pending,GSC page 11-30位
,ソフトバンク光 遅い,25.0,1,pending,GSC 11-30位（slug要確認）
ahamo-esim-settei-tejun,https://sim-hikari-guide.com/articles/ahamo-esim-settei-tejun,11.0,1,pending,GSC page 11-30位
hikkoshi-internet-denki,https://sim-hikari-guide.com/articles/hikkoshi-internet-denki,11.0,2,pending,GSC page 11-30位
povo-data-yoryou-tsuika-houhou,https://sim-hikari-guide.com/articles/povo-data-yoryou-tsuika-houhou,12.0,3,pending,GSC page 11-30位
povo-kaituu-dekinai-fix,https://sim-hikari-guide.com/articles/povo-kaituu-dekinai-fix,13.6,4,pending,GSC page 11-30位
sim-speed-slow-fix,https://sim-hikari-guide.com/articles/sim-speed-slow-fix,14.0,5,pending,GSC page 11-30位
home-router-norikae-tejun,https://sim-hikari-guide.com/articles/home-router-norikae-tejun,17.0,6,pending,GSC page 11-30位
,ソフトバンク光 速度制限,13.3,1,pending,GSC 11-30位（slug要確認）
,wimax 解約 違約 金,17.0,2,pending,GSC 11-30位（slug要確認）
,iijmio 海外 esim 設定方法,21.0,3,pending,GSC 11-30位（slug要確認）
,nuroモバイル 混雑時 つながらない,21.0,4,pending,GSC 11-30位（slug要確認）
wimax-kaiyaku-dekinai-fix,wimax 解約,24.8,5,pending,GSC 11-30位
ahamo-speed-slow-fix,https://sim-hikari-guide.com/articles/ahamo-speed-slow-fix,11.0,1,pending,GSC page 11-30位
linemo-ahamo-hikaku,https://sim-hikari-guide.com/articles/linemo-ahamo-hikaku,11.0,2,pending,GSC page 11-30位
rakuten-mobile-speed-slow-fix,https://sim-hikari-guide.com/articles/rakuten-mobile-speed-slow-fix,11.0,3,pending,GSC page 11-30位
senior-sim-kakehoudai-hikaku,https://sim-hikari-guide.com/articles/senior-sim-kakehoudai-hikaku,11.0,4,pending,GSC page 11-30位
sim-osusume-hikaku-2026,https://sim-hikari-guide.com/articles/sim-osusume-hikaku-2026,11.0,5,pending,GSC page 11-30位
mineo-speed-slow-fix,https://sim-hikari-guide.com/articles/mineo-speed-slow-fix,12.3,6,pending,GSC page 11-30位
iijmio-esim-settei-houhou,https://sim-hikari-guide.com/articles/iijmio-esim-settei-houhou,13.7,7,pending,GSC page 11-30位
nuro-hikari-kaiyaku-kin-hikaku,https://sim-hikari-guide.com/articles/nuro-hikari-kaiyaku-kin-hikaku,18.0,8,pending,GSC page 11-30位
linemo-esim-settei-tejun,https://sim-hikari-guide.com/articles/linemo-esim-settei-tejun,20.0,9,pending,GSC page 11-30位
nuro-hikari-tsunagaranai-fix,https://sim-hikari-guide.com/articles/nuro-hikari-tsunagaranai-fix,28.4,10,pending,GSC page 11-30位
,格安 sim 比較 表,19.0,1,pending,GSC 11-30位（slug要確認）
,デュアルsim 組み合わせ ahamo,22.0,2,pending,GSC 11-30位（slug要確認）
,格安スマホ 比較表,23.5,3,pending,GSC 11-30位（slug要確認）
,格安sim 乗り換え 手順,25.0,4,pending,GSC 11-30位（slug要確認）
5g-sim-speed-hikaku,https://sim-hikari-guide.com/articles/5g-sim-speed-hikaku,11.0,1,pending,GSC page 11-30位
kodomo-sim-keiyaku-hikaku,https://sim-hikari-guide.com/articles/kodomo-sim-keiyaku-hikaku,11.0,2,pending,GSC page 11-30位
rakuten-denki-rakuten-mobile,https://sim-hikari-guide.com/articles/rakuten-denki-rakuten-mobile,11.0,3,pending,GSC page 11-30位
wimax-kaiyaku-iyakukin,https://sim-hikari-guide.com/articles/wimax-kaiyaku-iyakukin,11.2,4,pending,GSC page 11-30位
sim-fukukaisen-osusume-hikaku,https://sim-hikari-guide.com/articles/sim-fukukaisen-osusume-hikaku,12.6,5,pending,GSC page 11-30位
ymobile-esim-settei-houhou,https://sim-hikari-guide.com/articles/ymobile-esim-settei-houhou,13.7,6,pending,GSC page 11-30位
softbank-hikari-speed-slow-fix,https://sim-hikari-guide.com/articles/softbank-hikari-speed-slow-fix,14.5,7,pending,GSC page 11-30位
sim-kaituu-tejun,https://sim-hikari-guide.com/articles/sim-kaituu-tejun,25.0,8,pending,GSC page 11-30位
